condition,mean_AC,mean_Schema_RT,mean_RT1,mean_performance,mean_schema_payoff
familiarity_same,0.4166666666666667,21.850199999999983,24.665349999999982,31.658333333333335,4.458333333333333
familiarity_low,0.45,22.606091666666668,25.925508333333333,34.141666666666666,4.5
fixed_low,0.4125,22.811458333333317,27.609616666666646,31.333333333333332,4.475
payoff_low,0.3625,22.313799999999986,105.26210833335651,31.84166666666667,5.066666666666666
